{
    "$schema": "https://schema.management.azure.com/schemas/2015-01-01/deploymentParameters.json#",
    "contentVersion": "1.0.0.0",
    "parameters": {
        "subscriptionId": {
            "value": "b5040df2-c625-4a8a-a56a-5cbd90f3e449"
        },
        "name": {
            "value": "hk-app"
        },
        "location": {
            "value": "Korea Central"
        },
        "hostingEnvironment": {
            "value": ""
        },
        "hostingPlanName": {
            "value": "ASP-TEST-8c07"
        },
        "serverFarmResourceGroup": {
            "value": "TEST"
        },
        "alwaysOn": {
            "value": true
        },
        "sku": {
            "value": "Standard"
        },
        "skuCode": {
            "value": "S1"
        },
        "workerSize": {
            "value": "0"
        },
        "workerSizeId": {
            "value": "0"
        },
        "numberOfWorkers": {
            "value": "1"
        },
        "currentStack": {
            "value": "php"
        },
        "phpVersion": {
            "value": "7.3"
        }
    }
}